label,voxel_count,volume_um3,centroid_z_px,centroid_y_px,centroid_x_px,centroid_z_um,centroid_y_um,centroid_x_um,bbox_z0_px,bbox_y0_px,bbox_x0_px,bbox_z1_px,bbox_y1_px,bbox_x1_px
11,261,129.64019570371062,3.1417624521072796,25.406130268199234,85.14942528735632,4.712643678160919,14.619835174201203,48.99882625719311,1,23,78,6,30,92
12,289,143.54795616234622,3.01038062283737,39.32871972318339,111.65743944636678,4.515570934256055,22.631522152155412,64.25273520393304,1,35,107,6,45,118
15,316,156.9590108903163,3.2816455696202533,42.107594936708864,31.667721518987342,4.92246835443038,24.23061249619997,18.223037670935902,1,38,26,6,48,39
16,262,130.13690143437617,3.095419847328244,43.225190839694655,225.34351145038167,4.643129770992366,24.873727670393436,129.6728372326736,1,39,221,6,49,230
19,331,164.40959685029966,3.7492447129909365,43.90030211480362,19.22356495468278,5.623867069486405,25.262217198792502,11.062107772067765,1,39,14,7,50,27
26,238,118.21596389840278,2.7142857142857144,66.00840336134453,121.81512605042016,4.071428571428571,37.984217473015676,70.0979269877575,1,62,117,6,71,127
27,323,160.4359510049752,3.606811145510836,65.91640866873065,40.139318885448915,5.410216718266254,37.931279570677994,23.097977532001323,1,57,36,7,75,45
28,281,139.57431031702177,3.6298932384341636,66.41637010676156,68.11743772241992,5.444839857651245,38.21897996976701,39.19785112797034,1,62,64,7,73,73
30,415,206.13287822620651,3.7542168674698795,69.1156626506024,57.81204819277109,5.63132530120482,39.77227485022739,33.2676644077208,1,64,52,7,76,65
31,427,212.0933469941932,3.6721311475409837,71.44730679156909,90.66276346604215,5.508196721311475,41.114008229768984,52.1714501310819,1,67,84,7,78,98
32,225,111.75878939975053,3.24,71.80444444444444,149.15555555555557,4.86,41.31952137027564,85.83084533216456,1,68,145,6,76,155
33,224,111.26208366908497,2.9955357142857144,73.06696428571429,185.73660714285714,4.493303571428571,42.04603232604396,106.88123510264916,1,70,180,6,78,191
38,203,100.83126332510825,3.2019704433497536,77.83251231527093,135.91625615763547,4.80295566502463,44.788343963879846,78.21235432325373,1,74,131,6,83,141
41,223,110.7653779384194,3.42152466367713,79.41255605381166,53.94170403587444,5.132286995515695,45.697572515478996,31.040493522429095,1,75,49,6,84,61
42,342,169.8733598876208,3.2514619883040936,79.98245614035088,106.89766081871345,4.87719298245614,46.02551877266226,61.51374354060684,1,75,102,6,86,113
50,234,116.22914097574055,3.1837606837606836,82.55555555555556,87.35897435897436,4.7756410256410255,47.506196425654245,50.27030061772565,1,77,83,6,88,92
53,245,121.69290401306168,3.3183673469387753,82.28979591836735,227.5591836734694,4.977551020408163,47.353266323720916,130.94783513119827,1,77,223,6,88,234
55,289,143.54795616234622,3.688581314878893,85.69204152249135,16.705882352941178,5.53287197231834,49.31107215362738,9.61331945720626,1,81,12,7,93,22
56,244,121.19619828239613,3.418032786885246,85.82377049180327,237.86065573770492,5.1270491803278695,49.38687495392312,136.8757675648627,1,81,234,6,92,243
60,294,146.03148481567402,3.2551020408163267,88.86734693877551,158.89455782312925,4.88265306122449,51.13828634657079,91.43510723313256,1,84,155,6,95,164
63,262,130.13690143437617,3.480916030534351,89.88931297709924,79.30916030534351,5.221374045801527,51.726371776197425,45.63807393051702,1,86,74,7,95,85
64,301,149.50842493033292,3.255813953488372,91.19601328903654,123.33554817275747,4.883720930232558,52.47830617080741,70.97284656776154,1,87,118,6,96,130
68,231,114.73902378374387,3.1471861471861473,92.81385281385282,176.65800865800867,4.720779220779221,53.40928412539689,101.6569993744961,1,89,171,6,97,183
73,262,130.13690143437617,3.427480916030534,97.57633587786259,237.64503816793894,5.141221374045801,56.14983204358571,136.75169147388138,1,93,233,6,103,245
74,149,74.00915386916813,3.2550335570469797,98.20805369127517,253.5234899328859,4.882550335570469,56.51335101366117,145.88886998845422,1,94,251,6,104,256
80,240,119.2093753597339,3.625,101.91666666666667,129.10416666666666,5.4375,58.64745447029792,74.29237026828214,1,98,125,7,107,134
84,286,142.05783897034956,3.4825174825174825,106.41608391608392,119.5909090909091,5.223776223776223,61.23662243377859,68.81801206185409,1,100,114,6,115,124
86,301,149.50842493033292,3.4983388704318936,101.71428571428571,138.6312292358804,5.24750830564784,58.53099532697412,79.77467249163757,1,97,133,6,108,146
87,645,320.37519627928486,3.685271317829457,108.45736434108527,245.65271317829456,5.527906976744186,62.41126741287632,141.35966945179905,1,98,239,6,121,253
89,548,272.19474040472574,3.821167883211679,104.6970802919708,60.12408759124087,5.731751824817518,60.24743008598349,34.5981163327114,1,93,52,7,117,67
95,157,77.98279971449259,3.337579617834395,109.96178343949045,253.38216560509554,5.006369426751593,63.27697812991277,145.80754558538345,1,105,251,6,115,256
100,227,112.75220086108165,3.2819383259911894,112.94273127753304,21.14977973568282,4.922907488986784,64.9923501914984,12.170538781082138,1,108,18,6,118,27
107,503,249.84298252477564,3.2186878727634194,119.73359840954275,234.31610337972168,4.828031809145129,68.90012194232472,134.83607199954062,1,114,226,6,126,244
109,752,373.5227094604995,3.63031914893617,120.02792553191489,196.39228723404256,5.445478723404255,69.0694910658769,113.0129948377058,1,107,190,7,133,204
121,259,128.64678424237948,3.393822393822394,123.6988416988417,251.54054054054055,5.090733590733591,71.1819020758274,144.74779132087144,1,119,247,7,130,256
128,214,106.2950263624294,3.4766355140186915,128.8551401869159,119.95327102803738,5.214953271028037,74.14906918112189,69.02653149154665,1,123,116,6,135,125
136,214,106.2950263624294,4.196261682242991,129.69626168224298,6.700934579439252,6.294392523364486,74.63308849037308,3.856020497034589,1,126,2,8,136,12
141,289,143.54795616234622,3.7889273356401385,130.74740484429066,87.17993079584775,5.6833910034602075,75.23796375517723,50.16727086253349,1,124,81,7,138,93
142,319,158.44912808231297,3.3510971786833856,128.9655172413793,108.52978056426332,5.0266457680250785,74.2125851249604,62.45293897936933,1,122,103,7,137,115
149,322,159.93924527430966,3.360248447204969,135.36335403726707,176.26708074534162,5.040372670807454,77.89418946375247,101.4320417919027,1,128,172,6,144,182
157,408,202.6559381115476,4.348039215686274,138.4485294117647,13.889705882352942,6.522058823529411,79.6695387586869,7.992764284622634,1,133,8,8,146,20
158,373,185.2712375382531,3.35656836461126,142.67292225201072,237.85790884718497,5.03485254691689,82.10044525186414,136.87418687995637,1,136,230,6,150,246
165,209,103.8114977091016,3.1291866028708135,141.2488038277512,203.93301435406698,4.69377990430622,81.28094317061732,117.35226990339254,1,137,200,6,146,209
171,212,105.30161490109828,3.009433962264151,143.95283018867926,171.98584905660377,4.514150943396227,82.83696210329775,98.96842765739363,1,140,166,6,150,179
172,365,181.29759169292862,3.4986301369863013,145.3068493150685,188.57260273972602,5.247945205479452,83.61612588154951,108.51319509589854,1,137,183,6,156,195
174,506,251.3330997167723,3.889328063241107,147.89328063241106,26.808300395256918,5.83399209486166,85.10447531335066,15.426707213640883,1,142,19,7,155,37
182,116,57.617864757204714,3.8189655172413794,145.50862068965517,253.91379310344828,5.728448275862069,83.73223424627051,146.11346806621552,2,140,251,6,153,256
186,566,281.13544355670575,3.6307420494699647,152.37632508833923,97.12190812720848,5.446113074204947,87.68422163175494,55.88833378536959,1,142,91,6,162,104
191,246,122.18960974372725,2.8821138211382116,155.2520325203252,249.8617886178862,4.323170731707317,89.33903360906281,143.7817616206183,1,148,246,5,163,256
208,310,153.97877650632296,3.5483870967741935,157.58387096774194,31.306451612903224,5.32258064516129,90.6808788013143,18.015146645242783,1,152,26,7,164,38
209,495,245.86933667945115,3.987878787878788,159.6060606060606,153.51717171717172,5.9818181818181815,91.84453807925641,88.34071632403993,1,152,142,7,169,161
221,234,116.22914097574055,3.6196581196581197,162.82478632478632,66.67094017094017,5.42948717948718,93.69673827590084,38.3654710858594,1,159,62,6,169,72
223,432,214.576875647521,3.314814814814815,160.0,208.03009259259258,4.972222222222222,92.07122860422896,119.70991382282193,1,151,202,6,169,214
237,212,105.30161490109828,3.2169811320754715,171.37735849056602,66.09433962264151,4.8254716981132075,98.61827469483627,38.03366908026109,1,167,62,6,178,71
249,290,144.04466189301178,3.2,174.75172413793103,235.0758620689655,4.800000000000001,100.56003713804127,135.2732714742995,1,168,230,6,182,242
265,363,180.3041802315975,3.490358126721763,179.02479338842974,150.91735537190084,5.235537190082645,103.01895423681857,86.84466454244965,1,171,146,6,189,157
270,360,178.81406303960085,3.522222222222222,182.6027777777778,202.04444444444445,5.283333333333333,105.07788810340624,116.26550145411801,1,176,198,6,190,208
275,393,195.20535215156426,3.5826972010178118,192.16539440203562,174.5063613231552,5.374045801526718,110.58064973632275,100.41884428922751,1,183,170,6,204,180
307,288,143.05125043168067,3.6145833333333335,30.850694444444443,90.95486111111111,5.421875,17.752883379960377,52.339536312668784,2,25,86,6,37,96
323,5,2.4835286533277894,4.6,56.2,0.0,6.8999999999999995,32.34001904723542,0.0,4,55,0,6,58,1
325,322,159.93924527430966,4.245341614906832,53.71739130434783,13.425465838509316,6.368012422360248,30.911413842533936,7.72561958959786,2,50,8,7,59,19
345,353,175.33712292494195,4.147308781869689,68.66288951841359,29.002832861189802,6.220963172804533,39.51172873422984,16.689540340830312,2,60,24,7,76,35
353,205,101.82467478643937,3.7853658536585364,74.95121951219512,79.1951219512195,5.678048780487805,43.13031791170665,45.57245110944076,2,71,74,6,80,85
354,231,114.73902378374387,4.3852813852813854,73.43290043290044,44.03463203463203,6.577922077922079,42.256608517682245,25.339516703523184,2,69,39,7,78,49
359,262,130.13690143437617,3.6908396946564888,80.3473282442748,72.94274809160305,5.536259541984733,46.2354826657353,41.97455271601669,2,73,68,6,86,79
373,45,22.351757879950107,3.6222222222222222,92.2,0.5777777777777777,5.433333333333334,53.056045483186935,0.3324794366263823,2,89,0,7,97,4
374,234,116.22914097574055,3.52991452991453,92.33333333333333,187.2948717948718,5.294871794871795,53.13277150702379,107.77793098390872,2,88,183,6,97,193
378,205,101.82467478643937,3.7219512195121953,91.55609756097562,10.482926829268292,5.582926829268293,52.68551492904797,6.032349703368537,2,85,7,6,98,16
379,245,121.69290401306168,4.077551020408163,92.62040816326531,20.76734693877551,6.116326530612245,53.297967333856214,11.95046967189584,2,87,16,7,100,26
380,248,123.18302120505835,3.931451612903226,94.48790322580645,49.91935483870968,5.897177419354839,54.3726083639843,28.725852069565388,2,89,45,7,101,56
381,349,173.3503000022797,3.507163323782235,99.36676217765043,66.55587392550143,5.260744985673353,57.180124225753154,38.29925676968177,2,90,62,6,111,72
387,321,159.44253954364407,4.196261682242991,100.31464174454828,12.909657320872274,6.294392523364486,57.725576952585214,7.4288000649518064,2,96,8,7,106,19
388,389,193.218529228902,3.526992287917738,103.11825192802057,86.30334190231362,5.290488431876607,59.338900915832845,49.66284200998031,2,96,82,6,112,93
390,295,146.52819054633957,3.976271186440678,96.71186440677967,41.76610169491526,5.964406779661017,55.65237610336128,24.034101856625107,2,89,37,7,104,47
392,205,101.82467478643937,3.658536585365854,100.27317073170731,173.09268292682927,5.487804878048781,57.7017126581869,99.60534987172134,2,95,168,6,105,179
393,287,142.55454470101512,3.494773519163763,105.12891986062718,217.30313588850174,5.2421602787456445,60.49593008377169,125.04604188003796,2,99,213,6,112,223
397,268,133.11713581836952,4.33955223880597,108.05970149253731,24.95149253731343,6.509328358208955,62.1824342439009,14.35821608387311,2,99,22,7,118,29
398,360,178.81406303960085,4.319444444444445,108.95,54.647222222222226,6.479166666666667,62.694752227692156,31.44648056130202,2,99,50,7,121,61
399,256,127.15666705038282,3.12109375,110.546875,180.78125,4.681640625,63.61366624755077,104.02969872567667,2,102,176,6,118,187
400,267,132.62043008770397,3.157303370786517,109.86142322097378,206.07116104868913,4.735955056179775,63.2192263260264,118.58265611032962,2,102,202,6,120,211
401,604,300.01026132199695,4.122516556291391,108.33940397350993,42.91721854304636,6.183774834437086,62.3433876880684,24.69650649709047,2,98,35,7,120,51
402,530,263.25403725274566,3.5150943396226415,109.06603773584905,108.37169811320754,5.272641509433962,62.761525583342625,62.36197119506012,2,102,101,7,118,118
403,473,234.9418106048089,3.241014799154334,111.95771670190275,160.90274841437633,4.861522198731501,64.42552830292745,92.59071082692988,2,103,152,6,120,170
404,337,167.389831234293,3.477744807121662,109.00890207715133,188.75370919881306,5.216617210682493,62.728647144008804,108.61741193462544,2,102,184,6,117,198
405,303,150.50183639166406,3.782178217821782,111.45544554455445,79.34323432343234,5.673267326732673,64.1364987869929,45.65768165994778,2,105,73,6,119,85
407,388,192.72182349823646,3.286082474226804,114.38144329896907,213.74484536082474,4.929123711340206,65.82025008788146,122.99844075120039,2,106,209,6,125,221
412,283,140.56772177835288,3.734982332155477,110.1660777385159,136.91166077738515,5.602473498233215,63.39453829933847,78.78515511262047,2,105,132,6,117,143
413,226,112.25549513041608,2.9911504424778763,116.21681415929204,223.1637168141593,4.486725663716815,66.87640540072107,128.4184849185367,2,109,220,5,125,228
418,291,144.54136762367736,3.759450171821306,115.90721649484536,69.52920962199313,5.639175257731958,66.69824891735477,40.010248461111786,2,110,63,7,122,77
419,423,210.106524071531,3.7210401891252953,118.39952718676123,115.19621749408984,5.581560283687943,68.13243708903072,66.28910797025515,2,111,106,7,126,122
420,228,113.2489065917472,4.048245614035087,114.14912280701755,129.3640350877193,6.072368421052631,65.68656238085698,74.44191029829311,2,109,124,6,120,136
421,235,116.7258467064061,3.34468085106383,117.2,143.62978723404257,5.017021276595745,67.44217495259771,82.65106859251436,2,112,138,6,123,149
425,101,50.16727879722135,4.138613861386139,117.39603960396039,1.0198019801980198,6.207920792079208,67.55498499754596,0.5868401328116079,2,114,0,7,123,4
426,306,151.99195358366072,5.205882352941177,111.24183006535948,30.366013071895424,7.8088235294117645,64.01357478937814,17.473975820884302,2,101,27,8,121,35
427,238,118.21596389840278,3.9747899159663866,117.1344537815126,49.37394957983193,5.96218487394958,67.40445669718211,28.412001242864875,2,113,45,7,122,56
428,552,274.18156332738795,3.4909420289855073,124.41847826086956,154.44384057971016,5.236413043478261,71.59601346591758,88.87396345330991,2,115,149,6,137,162
430,247,122.6863154743928,3.7327935222672064,116.30364372469636,91.03643724696356,5.59919028340081,66.92637105550823,52.38647890674829,2,108,88,6,125,95
432,271,134.60725301036618,3.8339483394833946,120.68634686346863,66.40959409594096,5.7509225092250915,69.44837644672306,38.21508074700896,2,115,60,7,128,74
433,213,105.79832063176383,3.1502347417840375,123.03286384976526,209.76525821596243,4.725352112676056,70.79866833340446,120.7084065151687,2,117,205,6,129,216
435,242,120.20278682106502,4.2809917355371905,121.88429752066116,43.607438016528924,6.421487603305786,70.13773137681656,25.09368996540362,2,118,39,8,127,49
436,327,162.42277392763742,3.596330275229358,124.96024464831804,165.20489296636086,5.394495412844037,71.90777032159792,95.06635916776867,2,117,160,6,137,170
443,300,149.01171919966737,3.8666666666666667,127.01,51.08,5.8,73.0872921563945,29.393739731900094,2,122,44,7,133,59
444,366,181.7942974235942,3.5546448087431695,125.04098360655738,127.12295081967213,5.331967213114754,71.95423116585619,73.15228916101367,2,119,121,7,132,136
445,351,174.34371146361082,3.3276353276353277,126.03418803418803,186.67236467236467,4.9914529914529915,72.52576586527564,107.419712261508,2,119,181,6,136,194
448,234,116.22914097574055,3.2435897435897436,130.52136752136752,204.17948717948718,4.865384615384615,75.10789166747759,117.49410150247999,2,123,200,6,138,209
449,265,131.62701862637283,3.3509433962264152,126.51698113207547,241.8679245283019,5.026415094339622,72.80358682580152,139.181731070473,2,121,238,6,135,248
450,259,128.64678424237948,3.1196911196911197,130.37451737451738,170.08494208494207,4.67953667953668,75.02338745847005,97.8745599052484,2,124,166,6,139,175
453,216,107.2884378237605,3.513888888888889,128.37037037037038,229.41666666666666,5.270833333333333,73.87011072737444,132.01671476429286,2,123,225,6,134,235
456,290,144.04466189301178,3.413793103448276,132.1206896551724,181.6793103448276,5.120689655172414,76.02821387868605,104.546483221358,2,122,176,6,141,188
457,243,120.69949255173057,3.8065843621399176,133.54320987654322,161.52674897119343,5.709876543209877,76.84679628178586,92.94978893890409,2,126,157,6,141,168
458,244,121.19619828239613,4.315573770491803,129.9139344262295,36.057377049180324,6.4733606557377055,74.75834722145116,20.74904378227475,2,125,32,7,136,41
459,648,321.8653134712815,3.7669753086419755,136.09567901234567,130.06635802469137,5.650462962962964,78.31560233995901,74.8460586463178,2,128,120,7,147,139
460,465,230.9681647594844,3.4516129032258065,136.90967741935484,193.64301075268818,5.17741935483871,78.78401379880414,111.430936941387,2,128,187,6,146,201
461,205,101.82467478643937,3.5658536585365854,131.81463414634146,216.37073170731708,5.348780487804878,75.8520957116913,124.50949438930425,2,124,213,6,140,221
462,298,148.01830773833626,3.8758389261744965,136.7281879194631,230.79530201342283,5.813758389261745,78.67957654109289,132.81004382787447,2,129,226,7,144,238
466,241,119.70608109039945,4.070539419087137,134.2780082987552,63.850622406639005,6.105809128630705,77.26963249122026,36.742532825774774,2,128,60,7,141,69
467,281,139.57431031702177,3.8398576512455516,138.6405693950178,92.02846975088968,5.759786476868327,79.7800472411822,52.957339228322084,2,130,88,7,146,98
468,264,131.13031289570728,3.9166666666666665,134.0909090909091,44.628787878787875,5.875,77.16196715411233,25.681420819484504,2,126,39,7,141,50
469,194,96.36091174911823,3.3762886597938144,135.4278350515464,251.3041237113402,5.064432989690721,77.93129475254212,144.61174639632648,2,131,245,6,141,256
471,283,140.56772177835288,4.332155477031802,138.43816254416961,51.41696113074205,6.498233215547703,79.6635731947103,29.58764239002066,2,132,48,7,147,56
472,283,140.56772177835288,4.5265017667844525,134.07067137809187,71.35689045936395,6.789752650176679,77.1503214598422,41.06197858731889,2,127,66,7,145,77
473,237,117.71925816773722,4.257383966244726,135.64556962025316,116.41350210970464,6.386075949367089,78.0565890603574,66.9895885335094,2,131,111,7,142,123
477,368,182.7877088849253,4.1603260869565215,138.1413043478261,23.157608695652176,6.240489130434782,79.49274757684415,13.3259342759042,2,132,19,7,145,30
478,317,157.45571662098186,4.277602523659306,133.87381703470032,102.31230283911673,6.416403785488959,77.03704257701634,58.87512139828387,2,125,97,7,141,108
479,285,141.561133239684,3.7157894736842105,138.51228070175438,77.8280701754386,5.573684210526316,79.70622413115224,44.78578775592988,2,133,74,7,146,84
480,370,183.78112034625642,3.77027027027027,140.8918918918919,142.0,5.655405405405405,81.07555991787932,81.7132153862532,2,132,137,7,149,149
481,319,158.44912808231297,3.7021943573667713,141.5141065830721,111.35423197492163,5.553291536050157,81.43361036208283,64.07825592632095,2,135,107,7,150,117
482,270,134.11054727970063,3.4703703703703703,142.82962962962964,83.38518518518518,5.205555555555556,82.19062175679365,47.98360279619469,2,134,80,7,152,88
483,309,153.48207077565738,3.3624595469255665,145.35922330097088,128.72491909385113,5.043689320388349,83.64626423923033,74.07413408094277,2,138,121,6,152,136
489,21,10.430820343976716,4.238095238095238,144.76190476190476,0.5238095238095238,6.357142857142858,83.30254016573096,0.3014236650733686,3,143,0,6,148,3
490,425,211.0999355328621,3.6070588235294117,146.59058823529412,104.84470588235294,5.410588235294117,84.354847254001,60.33238052023291,2,140,97,7,158,110
491,343,170.37006561828636,3.6355685131195337,147.04373177842567,121.865889212828,5.4533527696793005,84.61560652118972,70.12713840482454,2,140,117,6,156,128
492,521,258.7836856767557,3.2341650671785027,147.90978886756238,218.62380038387715,4.8512476007677545,85.1139748976786,125.80601189668295,2,139,211,6,157,228
494,209,103.8114977091016,3.665071770334928,144.47846889952154,59.58373205741627,5.497607655502392,83.13943836523019,34.28717134594687,2,139,55,6,150,65
497,536,266.23427163673904,3.8022388059701493,148.22388059701493,161.17537313432837,5.703358208955224,85.29471746908561,92.74759140764156,2,140,153,7,157,170
499,288,143.05125043168067,2.9791666666666665,150.41319444444446,234.88888888888889,4.46875,86.55454756741742,135.1656786592639,2,144,228,6,157,242
501,287,142.55454470101512,3.4634146341463414,150.0871080139373,68.65505226480836,5.195121951219512,86.36690270311766,39.50721882442786,2,144,64,6,159,74
502,436,216.56369857018325,3.779816513761468,152.22018348623854,136.62844036697248,5.669724770642202,87.59437069961966,78.62217729291741,2,144,132,7,162,143
503,318,157.9524223516474,3.5377358490566038,149.55974842767296,149.69496855345912,5.306603773584905,86.06343617172031,86.1412479411775,2,144,142,6,155,159
510,309,153.48207077565738,3.854368932038835,151.15857605177993,3.4627831715210355,5.781553398058253,86.98347381970724,1.992641881199939,2,143,0,7,158,10
511,305,151.49524785299516,3.6655737704918034,154.25245901639343,77.35409836065574,5.498360655737705,88.7638338553926,44.51304296023717,2,148,73,6,162,83
512,232,115.23572951440943,3.685344827586207,152.69396551724137,199.72844827586206,5.5280172413793105,87.86700628515115,114.9327726248426,2,149,192,6,157,208
513,395,196.19876361289536,4.222784810126583,156.46075949367088,13.478481012658229,6.334177215189873,90.0345897183316,7.756126915963844,2,145,8,7,168,19
518,249,123.67972693572392,3.7349397590361444,153.57831325301206,51.07630522088353,5.602409638554216,88.37589992606225,29.39161358907088,2,147,47,7,161,56
519,299,148.51501346900181,3.79933110367893,157.42809364548495,84.91304347826087,5.698996655518394,90.5912374922588,48.86280148479869,2,148,82,6,168,89
520,359,178.31735730893527,3.467966573816156,156.9693593314763,119.11699164345404,5.201949860724234,90.32726104292323,68.54529855157804,2,150,114,6,166,125
524,307,152.48865931432627,4.182410423452769,154.5700325732899,20.35830618892508,6.273615635179153,88.94658002761557,11.715089144471314,2,149,16,7,163,26
525,238,118.21596389840278,3.4285714285714284,154.71848739495798,182.55882352941177,5.142857142857142,89.03200763901057,105.05259484309727,2,151,177,6,160,190
528,249,123.67972693572392,3.6626506024096384,156.2289156626506,128.58634538152612,5.493975903614458,89.90117630354193,73.99439250628019,2,150,125,6,163,134
529,312,154.97218796765407,3.483974358974359,157.94230769230768,228.27243589743588,5.225961538461538,90.88713948636206,131.35827268473136,2,151,223,6,165,234
531,354,175.8338286556075,3.556497175141243,158.95762711864407,43.67231638418079,5.334745762711865,91.47140015516538,25.13102390927577,2,153,36,7,166,54
534,214,106.2950263624294,3.3878504672897196,160.69158878504672,198.33177570093457,5.081775700934579,92.46920003627994,114.1290641252713,2,155,194,6,167,203
535,235,116.7258467064061,3.370212765957447,161.3787234042553,216.95744680851064,5.05531914893617,92.8646083400739,124.84711676560141,2,156,213,6,167,223
536,199,98.84444040244603,3.3668341708542715,163.46231155778895,253.4924623115578,5.050251256281407,94.06359909758052,145.87101529335206,2,157,250,6,173,256
539,351,174.34371146361082,3.4188034188034186,162.14529914529913,165.50712250712252,5.128205128205128,93.30573065442454,95.24027569988378,2,157,158,7,168,174
540,225,111.75878939975053,3.2755555555555556,163.88888888888889,222.94666666666666,4.913333333333333,94.3090709661373,128.29358445760937,2,158,219,6,172,228
541,262,130.13690143437617,3.7977099236641223,162.14503816793894,2.946564885496183,5.6965648854961835,93.30558047626084,1.695586557310705,2,156,0,7,169,8
543,517,256.7968627540934,3.733075435203095,170.27272727272728,189.79497098646036,5.5996131528046424,97.98261998620502,109.2166010101712,2,159,181,6,182,198
545,290,144.04466189301178,3.420689655172414,167.0344827586207,74.10344827586206,5.131034482758621,96.11918779286316,42.64247204105345,2,161,70,6,175,80
546,240,119.2093753597339,3.9791666666666665,166.78333333333333,151.94166666666666,5.96875,95.97466506692908,87.43409953858888,2,161,147,7,173,158
548,372,184.77453180758755,3.4946236559139785,167.74193548387098,103.58064516129032,5.241935483870968,96.52628805282069,59.604982872616766,2,160,100,6,181,109
550,276,137.09078166369397,3.278985507246377,170.4746376811594,38.028985507246375,4.918478260869565,98.09880835728207,21.883596363903692,2,162,35,6,180,42
551,332,164.90630258096522,3.5451807228915664,168.52710843373495,80.22289156626506,5.31777108433735,96.97811204132557,46.163876179311636,2,161,76,6,176,86
555,241,119.70608109039945,4.008298755186722,167.88796680497924,174.16182572614107,6.012448132780083,96.61032107250279,100.22058294100887,2,163,169,7,174,180
560,214,106.2950263624294,3.8551401869158877,165.77570093457945,57.705607476635514,5.7827102803738315,95.39482786108722,33.206413610795074,2,160,53,6,173,63
561,201,99.83785186377713,3.009950248756219,171.3233830845771,180.00497512437812,4.514925373134329,98.58721480768745,103.58299509109477,2,165,177,6,179,184
562,345,171.36347707961747,3.684057971014493,169.0840579710145,22.81159420289855,5.526086956521739,97.29860596737485,13.126821904262354,2,162,16,7,177,30
563,265,131.62701862637283,3.309433962264151,172.57358490566037,93.69433962264151,4.964150943396226,99.30663741812732,53.91595601449058,2,166,91,6,181,98
564,308,152.98536504499182,3.707792207792208,170.2012987012987,113.89285714285714,5.561688311688312,97.94151675914956,65.53909553992995,2,162,108,6,179,119
565,210,104.30820343976715,3.9238095238095236,166.42380952380952,128.6904761904762,5.885714285714285,95.76777882408327,74.05431407825262,2,160,126,6,176,134
566,255,126.65996131971727,3.537254901960784,170.98431372549018,161.3372549019608,5.305882352941176,98.39209897973006,92.84074549035745,2,163,158,6,179,166
567,351,174.34371146361082,3.5213675213675213,173.7008547008547,216.95726495726495,5.282051282051282,99.9553193869522,124.84701212017883,2,166,212,7,182,224
568,247,122.6863154743928,3.2388663967611335,178.01214574898785,44.202429149797574,4.8582995951417,102.4362310349024,25.436074744457787,2,165,41,6,190,48
569,200,99.34114613311158,3.645,172.635,203.185,5.4675,99.34197843806916,116.92182864968913,2,168,198,6,178,208
570,257,127.65337278104838,3.614785992217899,174.4513618677043,226.53696498054475,5.4221789883268485,100.38719511775295,130.35960431269964,2,169,223,6,181,232
571,272,135.10395874103176,3.1801470588235294,175.34191176470588,245.58823529411765,4.770220588235294,100.89965776244236,141.32256596421172,2,169,241,6,184,251
573,331,164.40959685029966,3.1691842900302114,179.06948640483384,87.10271903323263,4.753776435045317,103.04467261763328,50.12283972599179,2,169,83,6,189,92
574,211,104.80490917043272,3.5165876777251186,174.59715639810426,139.92890995260663,5.274881516587678,100.47109187736359,80.52141660366884,2,170,136,6,181,146
575,279,138.58089885569066,3.4874551971326166,177.61290322580646,31.788530465949822,5.231182795698925,102.20648884977513,18.292556597018518,2,170,29,6,186,37
576,328,162.919479658303,3.399390243902439,180.8658536585366,187.3658536585366,5.099085365853659,104.0783834930884,107.8187771551352,2,171,183,6,191,194
578,258,128.15007851171393,3.6705426356589146,182.484496124031,79.60852713178295,5.505813953488372,105.00982349601995,45.810343127477196,2,175,75,6,191,85
579,471,233.94839914347776,3.6093418259023355,182.92781316348194,240.6263269639066,5.414012738853503,105.26492814904142,138.46725973806116,2,173,236,6,195,246
580,282,140.07101604768732,3.4148936170212765,182.56382978723406,144.56382978723406,5.122340425531915,105.05547567002482,83.18855887652045,2,175,140,6,192,150
581,342,169.8733598876208,3.789473684210526,178.85087719298247,2.7865497076023393,5.684210526315789,102.9188750006373,1.6035065946606397,2,169,0,7,191,9
582,297,147.5216020076707,3.474747474747475,184.1919191919192,94.993265993266,5.212121212121213,105.99235186856787,54.66341693205201,2,177,91,6,192,99
583,290,144.04466189301178,3.5689655172413794,183.19310344827585,109.69310344827586,5.353448275862069,105.4175881644023,63.12236752433464,2,176,106,6,192,115
584,252,125.1698441277206,3.3134920634920637,183.8968253968254,116.52777777777777,4.970238095238096,105.8225415668943,67.05534791575354,2,177,113,6,191,121
585,262,130.13690143437617,3.549618320610687,184.06870229007635,227.50763358778627,5.324427480916031,105.92144729645864,130.91817088292643,2,178,223,6,192,232
586,461,228.9813418368222,3.6746203904555315,186.36876355748373,179.67678958785248,5.511930585683297,107.24500646367862,103.39414230635694,2,177,171,6,198,186
587,228,113.2489065917472,3.087719298245614,184.5219298245614,195.0921052631579,4.631578947368421,106.18225489606678,112.26481139102819,2,179,190,6,191,201
588,417,207.12628968753765,3.5035971223021583,189.00959232613909,217.98081534772183,5.255395683453237,108.76465864657544,125.43600925760198,2,179,214,6,201,223
590,459,227.9879303754911,3.6492374727668846,188.61002178649238,210.3355119825708,5.473856209150327,108.53472770595465,121.0365562958426,2,180,205,6,197,216
591,294,146.03148481567402,3.493197278911565,187.5408163265306,222.7108843537415,5.2397959183673475,107.9194585788982,128.15790466239582,2,178,219,6,196,228
595,277,137.58748739435953,3.5342960288808665,188.09025270758121,21.48375451263538,5.3014440433212995,108.23562909541815,12.362722956312421,2,183,16,6,194,27
639,259,128.64678424237948,4.2664092664092665,140.2046332046332,38.432432432432435,6.3996138996139,80.68008021972409,22.115757951894185,3,134,34,7,147,44
645,262,130.13690143437617,4.259541984732825,160.62977099236642,192.66412213740458,6.389312977099237,92.43362728551946,110.8676402071629,3,153,188,7,172,198
647,236,117.22255243707167,3.9957627118644066,175.33050847457628,133.8093220338983,5.99364406779661,100.8930957941151,76.99992923974963,3,168,130,6,184,138
