name,reference_count,candidate_count,count_delta,count_delta_percent,foreground_iou,optimal_matched_mean_iou,f1_at_0_50,f1_at_0_75,matched_mean_iou_at_0_50,matched_mean_iou_at_0_75,volume_wasserstein_voxels,volume_ks_statistic,median_volume_delta_percent,bland_altman_mean_difference_voxels,bland_altman_lower_limit_voxels,bland_altman_upper_limit_voxels,volume_outlier_count,likely_causes
Control__Explant_1__CRISPRi_cont_GFP_OTX2_far_red.tif,2595,2595,0,0.0,1.0,1.0,1.0,1.0,1.0,1.0,0.0,0.0,0.0,0.0,0.0,0.0,0,"('no strong systematic discrepancy detected',)"
Control__Explant_1__CRISPRi_cont_GFP_OTX2_far_red001.tif,2056,2056,0,0.0,1.0,1.0,1.0,1.0,1.0,1.0,0.0,0.0,0.0,0.0,0.0,0.0,0,"('no strong systematic discrepancy detected',)"
Control__Explant_1__CRISPRi_cont_GFP_OTX2_far_red002.tif,1535,1535,0,0.0,1.0,1.0,1.0,1.0,1.0,1.0,0.0,0.0,0.0,0.0,0.0,0.0,0,"('no strong systematic discrepancy detected',)"
Control__Explant_1__CRISPRi_cont_GFP_OTX2_far_red003.tif,1171,1171,0,0.0,1.0,1.0,1.0,1.0,1.0,1.0,0.0,0.0,0.0,0.0,0.0,0.0,0,"('no strong systematic discrepancy detected',)"
Control__Explant_2__CRISPRi_cont_GFP_OTX2_far_red.tif,1179,1179,0,0.0,1.0,1.0,1.0,1.0,1.0,1.0,0.0,0.0,0.0,0.0,0.0,0.0,0,"('no strong systematic discrepancy detected',)"
Control__Explant_2__CRISPRi_cont_GFP_OTX2_far_red001.tif,1597,1597,0,0.0,1.0,1.0,1.0,1.0,1.0,1.0,0.0,0.0,0.0,0.0,0.0,0.0,0,"('no strong systematic discrepancy detected',)"
Control__Explant_2__CRISPRi_cont_GFP_OTX2_far_red002.tif,1332,1332,0,0.0,1.0,1.0,1.0,1.0,1.0,1.0,0.0,0.0,0.0,0.0,0.0,0.0,0,"('no strong systematic discrepancy detected',)"
Control__Explant_2__CRISPRi_cont_GFP_OTX2_far_red003.tif,1878,1878,0,0.0,1.0,1.0,1.0,1.0,1.0,1.0,0.0,0.0,0.0,0.0,0.0,0.0,0,"('no strong systematic discrepancy detected',)"
Control__Explant_2__CRISPRi_cont_GFP_OTX2_far_red40x.tif,1411,1411,0,0.0,1.0,1.0,1.0,1.0,1.0,1.0,0.0,0.0,0.0,0.0,0.0,0.0,0,"('no strong systematic discrepancy detected',)"
Control__Explant_3__CRISPRi_cont_GFP_OTX2_far_red.tif,2725,2725,0,0.0,1.0,1.0,1.0,1.0,1.0,1.0,0.0,0.0,0.0,0.0,0.0,0.0,0,"('no strong systematic discrepancy detected',)"
Control__Explant_3__CRISPRi_cont_GFP_OTX2_far_red001.tif,1360,1360,0,0.0,1.0,1.0,1.0,1.0,1.0,1.0,0.0,0.0,0.0,0.0,0.0,0.0,0,"('no strong systematic discrepancy detected',)"
Control__Explant_3__CRISPRi_cont_GFP_OTX2_far_red002.tif,2847,2847,0,0.0,1.0,1.0,1.0,1.0,1.0,1.0,0.0,0.0,0.0,0.0,0.0,0.0,0,"('no strong systematic discrepancy detected',)"
Control__Explant_3__CRISPRi_cont_GFP_OTX2_far_red003.tif,655,655,0,0.0,1.0,1.0,1.0,1.0,1.0,1.0,0.0,0.0,0.0,0.0,0.0,0.0,0,"('no strong systematic discrepancy detected',)"
Control__Explant_3__CRISPRi_cont_GFP_OTX2_far_red40x.tif,2067,2067,0,0.0,1.0,1.0,1.0,1.0,1.0,1.0,0.0,0.0,0.0,0.0,0.0,0.0,0,"('no strong systematic discrepancy detected',)"
Control__Explant_4__CRISPRi_cont_GFP_OTX2_far_red004.tif,2670,2670,0,0.0,1.0,1.0,1.0,1.0,1.0,1.0,0.0,0.0,0.0,0.0,0.0,0.0,0,"('no strong systematic discrepancy detected',)"
Control__Explant_4__CRISPRi_cont_GFP_OTX2_far_red005.tif,2360,2360,0,0.0,1.0,1.0,1.0,1.0,1.0,1.0,0.0,0.0,0.0,0.0,0.0,0.0,0,"('no strong systematic discrepancy detected',)"
Control__Explant_4__CRISPRi_cont_GFP_OTX2_far_red006.tif,2430,2430,0,0.0,1.0,1.0,1.0,1.0,1.0,1.0,0.0,0.0,0.0,0.0,0.0,0.0,0,"('no strong systematic discrepancy detected',)"
Control__Explant_4__CRISPRi_cont_GFP_OTX2_far_red007.tif,1751,1751,0,0.0,1.0,1.0,1.0,1.0,1.0,1.0,0.0,0.0,0.0,0.0,0.0,0.0,0,"('no strong systematic discrepancy detected',)"
Control__Explant_4__CRISPRi_cont_GFP_OTX2_far_red40x.tif,1395,1395,0,0.0,1.0,1.0,1.0,1.0,1.0,1.0,0.0,0.0,0.0,0.0,0.0,0.0,0,"('no strong systematic discrepancy detected',)"
CRISPRi_DHS2_DHS15__Explant_1__CRISPRi_DHS2-mCherry_DHS15-GFP_OTX2_far_red.tif,2093,2093,0,0.0,1.0,1.0,1.0,1.0,1.0,1.0,0.0,0.0,0.0,0.0,0.0,0.0,0,"('no strong systematic discrepancy detected',)"
CRISPRi_DHS2_DHS15__Explant_1__CRISPRi_DHS2-mCherry_DHS15-GFP_OTX2_far_red40x.tif,2439,2439,0,0.0,1.0,1.0,1.0,1.0,1.0,1.0,0.0,0.0,0.0,0.0,0.0,0.0,0,"('no strong systematic discrepancy detected',)"
CRISPRi_DHS2_DHS15__Explant_1__CRISPRi_DHS2-mCherry_DHS15-GFP_OTX2_far_red40x001.tif,2671,2671,0,0.0,1.0,1.0,1.0,1.0,1.0,1.0,0.0,0.0,0.0,0.0,0.0,0.0,0,"('no strong systematic discrepancy detected',)"
CRISPRi_DHS2_DHS15__Explant_1__CRISPRi_DHS2-mCherry_DHS15-GFP_OTX2_far_red40x002.tif,3157,3157,0,0.0,1.0,1.0,1.0,1.0,1.0,1.0,0.0,0.0,0.0,0.0,0.0,0.0,0,"('no strong systematic discrepancy detected',)"
CRISPRi_DHS2_DHS15__Explant_1__CRISPRi_DHS2-mCherry_DHS15-GFP_OTX2_far_red40x003.tif,1935,1935,0,0.0,1.0,1.0,1.0,1.0,1.0,1.0,0.0,0.0,0.0,0.0,0.0,0.0,0,"('no strong systematic discrepancy detected',)"
CRISPRi_DHS2_DHS15__Explant_2__CRISPRi_DHS2-mCherry_DHS15-GFP_OTX2_far_red.tif,2193,2193,0,0.0,1.0,1.0,1.0,1.0,1.0,1.0,0.0,0.0,0.0,0.0,0.0,0.0,0,"('no strong systematic discrepancy detected',)"
CRISPRi_DHS2_DHS15__Explant_2__CRISPRi_DHS2-mCherry_DHS15-GFP_OTX2_far_red001.tif,2735,2735,0,0.0,1.0,1.0,1.0,1.0,1.0,1.0,0.0,0.0,0.0,0.0,0.0,0.0,0,"('no strong systematic discrepancy detected',)"
CRISPRi_DHS2_DHS15__Explant_2__CRISPRi_DHS2-mCherry_DHS15-GFP_OTX2_far_red002.tif,2570,2570,0,0.0,1.0,1.0,1.0,1.0,1.0,1.0,0.0,0.0,0.0,0.0,0.0,0.0,0,"('no strong systematic discrepancy detected',)"
CRISPRi_DHS2_DHS15__Explant_2__CRISPRi_DHS2-mCherry_DHS15-GFP_OTX2_far_red003.tif,2820,2820,0,0.0,1.0,1.0,1.0,1.0,1.0,1.0,0.0,0.0,0.0,0.0,0.0,0.0,0,"('no strong systematic discrepancy detected',)"
CRISPRi_DHS2_DHS15__Explant_3__CRISPRi_DHS2-mCherry_DHS15-GFP_OTX2_far_red.tif,3095,3095,0,0.0,1.0,1.0,1.0,1.0,1.0,1.0,0.0,0.0,0.0,0.0,0.0,0.0,0,"('no strong systematic discrepancy detected',)"
CRISPRi_DHS2_DHS15__Explant_3__CRISPRi_DHS2-mCherry_DHS15-GFP_OTX2_far_red001.tif,2956,2956,0,0.0,1.0,1.0,1.0,1.0,1.0,1.0,0.0,0.0,0.0,0.0,0.0,0.0,0,"('no strong systematic discrepancy detected',)"
CRISPRi_DHS2_DHS15__Explant_3__CRISPRi_DHS2-mCherry_DHS15-GFP_OTX2_far_red002.tif,2596,2596,0,0.0,1.0,1.0,1.0,1.0,1.0,1.0,0.0,0.0,0.0,0.0,0.0,0.0,0,"('no strong systematic discrepancy detected',)"
CRISPRi_DHS2_DHS15__Explant_3__CRISPRi_DHS2-mCherry_DHS15-GFP_OTX2_far_red003.tif,3287,3287,0,0.0,1.0,1.0,1.0,1.0,1.0,1.0,0.0,0.0,0.0,0.0,0.0,0.0,0,"('no strong systematic discrepancy detected',)"
CRISPRi_DHS2_DHS15__Explant_3__CRISPRi_DHS2-mCherry_DHS15-GFP_OTX2_far_red40x.tif,1745,1745,0,0.0,1.0,1.0,1.0,1.0,1.0,1.0,0.0,0.0,0.0,0.0,0.0,0.0,0,"('no strong systematic discrepancy detected',)"
CRISPRi_DHS2_DHS15__Explant_4__CRISPRi_DHS2-mCherry_DHS15-GFP_OTX2_far_red.tif,2454,2454,0,0.0,1.0,1.0,1.0,1.0,1.0,1.0,0.0,0.0,0.0,0.0,0.0,0.0,0,"('no strong systematic discrepancy detected',)"
CRISPRi_DHS2_DHS15__Explant_4__CRISPRi_DHS2-mCherry_DHS15-GFP_OTX2_far_red001.tif,2702,2702,0,0.0,1.0,1.0,1.0,1.0,1.0,1.0,0.0,0.0,0.0,0.0,0.0,0.0,0,"('no strong systematic discrepancy detected',)"
CRISPRi_DHS2_DHS15__Explant_4__CRISPRi_DHS2-mCherry_DHS15-GFP_OTX2_far_red002.tif,2681,2681,0,0.0,1.0,1.0,1.0,1.0,1.0,1.0,0.0,0.0,0.0,0.0,0.0,0.0,0,"('no strong systematic discrepancy detected',)"
CRISPRi_DHS2_DHS15__Explant_4__CRISPRi_DHS2-mCherry_DHS15-GFP_OTX2_far_red003.tif,2581,2581,0,0.0,1.0,1.0,1.0,1.0,1.0,1.0,0.0,0.0,0.0,0.0,0.0,0.0,0,"('no strong systematic discrepancy detected',)"
